,val_loss,val_slot0_loss,val_slot1_loss,val_slot2_loss,val_slot3_loss,val_slot4_loss,val_slot5_loss,val_slot6_loss,val_slot0_accuracy,val_slot1_accuracy,val_slot2_accuracy,val_slot3_accuracy,val_slot4_accuracy,val_slot5_accuracy,val_slot6_accuracy,loss,slot0_loss,slot1_loss,slot2_loss,slot3_loss,slot4_loss,slot5_loss,slot6_loss,slot0_accuracy,slot1_accuracy,slot2_accuracy,slot3_accuracy,slot4_accuracy,slot5_accuracy,slot6_accuracy
0,9.530905322338013,0.5506913661956787,0.1958296000957489,0.5181218981742859,0.28122884035110474,0.48416852951049805,0.2759539783000946,0.37888893485069275,0.7915105819702148,0.9475655555725098,0.8014981150627136,0.942571759223938,0.8476904034614563,0.9263420701026917,0.8776529431343079,12.546740477924839,0.8272007,0.4631799,0.8430954,0.44657928,0.69805235,0.5112797,0.61490816,0.70260894,0.8936997,0.68553984,0.9256175,0.8330558,0.89050794,0.8470719
